
CREATE TABLE  "ANGAJAT" 
   (	"CNP" NUMBER NOT NULL ENABLE, 
	"NUME" VARCHAR2(50) NOT NULL ENABLE, 
	"PRENUME" VARCHAR2(50) NOT NULL ENABLE, 
	"ADRESA" VARCHAR2(50) NOT NULL ENABLE, 
	"TELEFON" VARCHAR2(20) NOT NULL ENABLE, 
	"SALARIU" NUMBER NOT NULL ENABLE, 
	"NR_LEGITIMATIE" NUMBER, 
	"DATA_INSCRIERE" DATE, 
	"TIP_ANGAJAT" VARCHAR2(50) NOT NULL ENABLE, 
	"DATA_CONTROL_MEDICAL" DATE, 
	 CONSTRAINT "ANGAJAT_PK" PRIMARY KEY ("CNP") ENABLE
   )


CREATE TABLE  "AUTORIZATIE" 
   (	"NR" NUMBER NOT NULL ENABLE, 
	"DATA" DATE NOT NULL ENABLE, 
	"SCOR" NUMBER NOT NULL ENABLE, 
	"DURATA" NUMBER NOT NULL ENABLE, 
	"ID_AVION" NUMBER NOT NULL ENABLE, 
	"ID_TEST" NUMBER NOT NULL ENABLE, 
	"ID_TEHNICIAN" NUMBER NOT NULL ENABLE, 
	 CONSTRAINT "AUTORIZATIE_PK" PRIMARY KEY ("NR") ENABLE
   )


CREATE TABLE  "AVION" 
   (	"NR_INREGISTRARE" NUMBER NOT NULL ENABLE, 
	"ID_COMPANIE" NUMBER NOT NULL ENABLE, 
	"ID_MODEL" NUMBER NOT NULL ENABLE, 
	 CONSTRAINT "AVION_PK" PRIMARY KEY ("NR_INREGISTRARE") ENABLE
   )


CREATE TABLE  "COMPANIE" 
   (	"COD" NUMBER NOT NULL ENABLE, 
	"DENUMIRE" VARCHAR2(50) NOT NULL ENABLE, 
	 CONSTRAINT "COMPANIE_PK" PRIMARY KEY ("COD") ENABLE
   )


CREATE TABLE  "ISTORIC_CURSA" 
   (	"DATA" DATE NOT NULL ENABLE, 
	"ORA" NUMBER NOT NULL ENABLE, 
	"ID_AVION" NUMBER NOT NULL ENABLE, 
	"COD_SOSIRE" NUMBER, 
	"COD_PLECARE" NUMBER, 
	 CONSTRAINT "ISTORIC_CURSA_PK" PRIMARY KEY ("DATA", "ORA") ENABLE
   )


CREATE TABLE  "MODEL" 
   (	"COD" NUMBER NOT NULL ENABLE, 
	"CAPACITATE" NUMBER NOT NULL ENABLE, 
	"GREUTATE" NUMBER NOT NULL ENABLE, 
	"DENUMIRE" VARCHAR2(15) NOT NULL ENABLE, 
	 CONSTRAINT "MODEL_PK" PRIMARY KEY ("COD") ENABLE
   )


CREATE TABLE  "PLECARE" 
   (	"COD" NUMBER NOT NULL ENABLE, 
	"DESTINATIA" VARCHAR2(50) NOT NULL ENABLE, 
	 CONSTRAINT "PLECARE_PK" PRIMARY KEY ("COD") ENABLE
   )


CREATE TABLE  "PROGRAM" 
   (	"DATA" DATE NOT NULL ENABLE, 
	"ID_ANGAJAT" NUMBER NOT NULL ENABLE, 
	"ID_TURA" NUMBER NOT NULL ENABLE, 
	 CONSTRAINT "PROGRAM_PK" PRIMARY KEY ("DATA") ENABLE
   )


CREATE TABLE  "SINDICAT" 
   (	"COD" NUMBER NOT NULL ENABLE, 
	"DENUMIRE" VARCHAR2(50) NOT NULL ENABLE, 
	 CONSTRAINT "SINDICAT_PK" PRIMARY KEY ("COD") ENABLE
   )


CREATE TABLE  "SOSIRE" 
   (	"COD" NUMBER NOT NULL ENABLE, 
	"PCT_PLECARE" VARCHAR2(30) NOT NULL ENABLE, 
	 CONSTRAINT "SOSIRE_PK" PRIMARY KEY ("COD") ENABLE
   )


CREATE TABLE  "SPECIALIZARE" 
   (	"ID_MODEL" NUMBER NOT NULL ENABLE, 
	"ID_ANGAJAT" NUMBER NOT NULL ENABLE, 
	"GRAD" NUMBER NOT NULL ENABLE, 
	 CONSTRAINT "SPECIALIZARE_PK" PRIMARY KEY ("ID_MODEL", "ID_ANGAJAT") ENABLE
   )

CREATE TABLE  "TEST" 
   (	"COD" NUMBER NOT NULL ENABLE, 
	"DENUMIRE" VARCHAR2(50) NOT NULL ENABLE, 
	"SCOR_MIN" NUMBER NOT NULL ENABLE, 
	"SCOR_MAX" NUMBER NOT NULL ENABLE, 
	 CONSTRAINT "TEST_PK" PRIMARY KEY ("COD") ENABLE
   )


CREATE TABLE  "TURA" 
   (	"COD" NUMBER NOT NULL ENABLE, 
	"DATA" DATE NOT NULL ENABLE, 
	"DESCRIERE" VARCHAR2(100) NOT NULL ENABLE, 
	 CONSTRAINT "TURA_PK" PRIMARY KEY ("COD", "DATA") ENABLE
   )

alter table "ANGAJAT" add constraint
"ANGAJAT_CON" foreign key ("NR_LEGITIMATIE") references "SINDICAT" ("COD")

alter table "AUTORIZATIE" add constraint
"AUTORIZATIE_CON1" foreign key ("ID_AVION") references "AVION" ("NR_INREGISTRARE")

alter table "AUTORIZATIE" add constraint
"AUTORIZATIE_CON2" foreign key ("ID_TEST") references "TEST" ("COD")

alter table "AUTORIZATIE" add constraint
"AUTORIZATIE_CON3" foreign key ("ID_TEHNICIAN") references "ANGAJAT" ("CNP")

alter table "AVION" add constraint
"AVION_CON1" foreign key ("ID_COMPANIE") references "COMPANIE" ("COD")

alter table "AVION" add constraint
"AVION_CON2" foreign key ("ID_MODEL") references "MODEL" ("COD")

alter table "ISTORIC_CURSA" add constraint
"ISTORIC_CURSA_CON1" foreign key ("ID_AVION") references "AVION" ("NR_INREGISTRARE")

alter table "ISTORIC_CURSA" add constraint
"ISTORIC_CURSA_CON2" foreign key ("COD_SOSIRE") references "SOSIRE" ("COD")

alter table "ISTORIC_CURSA" add constraint
"ISTORIC_CURSA_CON3" foreign key ("COD_PLECARE") references "PLECARE" ("COD")

alter table "PROGRAM" add constraint
"PROGRAM_CON1" foreign key ("ID_ANGAJAT") references "ANGAJAT" ("CNP")

alter table "SPECIALIZARE" add constraint
"SPECIALIZARE_CON1" foreign key ("ID_MODEL") references "MODEL" ("COD")

alter table "SPECIALIZARE" add constraint
"SPECIALIZARE_CON2" foreign key ("ID_ANGAJAT") references "ANGAJAT" ("CNP")   




INSERT INTO ANGAJAT VALUES
(1881201234332,'Popescu','Marius','Splaiul Unirii nr32A','0724883554',20000,'','10-mar-2013','controlor','10-mar-2014')

INSERT INTO ANGAJAT VALUES
(1680901237762,'Ionescu','Mihai','Splaiul Independentei nr32A','0724883554',12000,'','10-mar-2010','Director comercial','10-mar-2014')

INSERT INTO ANGAJAT VALUES
(1750901237111,'Colgiu','Liviu','C. A. Rosetti','072333554',8000,'','10-mar-2005','pilot','10-mar-2014')



INSERT INTO SINDICAT VALUES
(1,'Confederatia Sindicala a aeroportului')

INSERT INTO SINDICAT VALUES
(2,'Sindicatul independent al controlorilor de trafic')




INSERT INTO COMPANIE VALUES
(1,'TAROM')

INSERT INTO COMPANIE VALUES
(2,'WizzAir')

INSERT INTO COMPANIE VALUES
(3,'BlueAir')

INSERT INTO COMPANIE VALUES
(4,'FinnAir')

INSERT INTO COMPANIE VALUES
(5,'British Airways')

INSERT INTO COMPANIE VALUES
(6,'Air France')

INSERT INTO COMPANIE VALUES
(7,'Emirates')

INSERT INTO COMPANIE VALUES
(8,'American Airlines')


INSERT INTO MODEL VALUES
(1,138,56000,'Boeing 737')

INSERT INTO MODEL VALUES
(2,116,56240,'Boeing 760')

INSERT INTO MODEL VALUES
(3,113,59000,'Airbus A318')

INSERT INTO MODEL VALUES
(4,180,73500,'Airbus A320')

INSERT INTO MODEL VALUES
(5,48,18600,'ATR 42 S 500')


INSERT INTO AVION VALUES
(1,1,1)

INSERT INTO AVION VALUES
(2,1,2)

INSERT INTO AVION VALUES
(3,1,3)

INSERT INTO AVION VALUES
(4,1,4)

INSERT INTO AVION VALUES
(5,1,5)

INSERT INTO AVION VALUES
(6,2,1)

INSERT INTO AVION VALUES
(7,2,2)

INSERT INTO AVION VALUES
(8,2,4)

INSERT INTO AVION VALUES
(9,3,1)

INSERT INTO AVION VALUES
(10,3,3)

INSERT INTO AVION VALUES
(11,4,4)


INSERT INTO PLECARE VALUES
(1,'Milano')

INSERT INTO PLECARE VALUES
(2,'Paris')

INSERT INTO PLECARE VALUES
(3,'Londra')


INSERT INTO SOSIRE VALUES
(1,10)

INSERT INTO SOSIRE VALUES
(2,10)

INSERT INTO SOSIRE VALUES
(3,9)


INSERT INTO ISTORIC_CURSA VALUES
('10-mar-2013',9,1,1,'')

INSERT INTO ISTORIC_CURSA VALUES
('11-mar-2013',10,2,2,'')

INSERT INTO ISTORIC_CURSA VALUES
('12-mar-2013',8,3,'',1)

INSERT INTO ISTORIC_CURSA VALUES
('13-mar-2013',5,4,'',2)


INSERT INTO TURA VALUES
(1,'13-mar-2013','tura de noapte')

INSERT INTO TURA VALUES
(2,'15-mar-2013','tura de dupa-amiaza')

INSERT INTO TURA VALUES
(3,'19-mar-2013','tura de dimineata')


INSERT INTO PROGRAM VALUES
('19-mar-2013',1881201234332,1)

INSERT INTO PROGRAM VALUES
('20-mar-2013',1680901237762,2)

INSERT INTO PROGRAM VALUES
('21-mar-2013',1750901237111,3)


INSERT INTO SPECIALIZARE VALUES
(1,1750901237111,3)

INSERT INTO SPECIALIZARE VALUES
(2,1750901237111,3)

INSERT INTO SPECIALIZARE VALUES
(3,1750901237111,2)


INSERT INTO TEST VALUES
(1,'Test portanta',80,100)

INSERT INTO TEST VALUES
(2,'Test aerodinamica',80,100)

INSERT INTO TEST VALUES
(3,'Test motoare',80,100)


INSERT INTO AUTORIZATIE VALUES
(1,'20-mar-2014',100,30,1,1,1881201234332)

INSERT INTO AUTORIZATIE VALUES
(2,'22-mar-2014',100,30,1,3,1881201234332)

INSERT INTO AUTORIZATIE VALUES
(3,'25-mar-2014',100,30,1,2,1881201234332)

